,timestamp,bytesRead,bytesWritten,processCount,ioActiveProcessCount,event_type,event_message
0,1657188415.0,365170,0,10,2,notice,Job starting
1,1657188420.0,2194125187,4149,12,12,,
2,1657188425.0,0,0,12,0,,
3,1657188430.0,0,0,12,0,,
4,1657188435.0,0,0,12,0,,
5,1657188440.0,0,0,12,0,,
6,1657188445.0,0,0,12,0,,
7,1657188450.0,0,181,12,1,,
8,1657188455.0,0,0,12,0,,
9,1657188460.0,0,0,12,0,,
10,1657188465.0,0,0,12,0,,
11,1657188470.0,12,1496512764,12,11,,
12,1657188475.0,0,231425336,12,2,,
13,1657188480.0,0,382,12,1,,
14,1657188485.0,12,1520585088,12,11,,
15,1657188490.0,0,207352368,12,2,,
16,1657188495.0,0,0,12,0,,
17,1657188500.0,12,86397364,12,1,,
18,1657188505.0,0,1641540480,12,11,,
19,1657188510.0,0,0,12,0,,
20,1657188515.0,0,0,12,0,,
21,1657188520.0,12,1088601172,12,8,,
22,1657188525.0,0,639336933,12,6,,
23,1657188530.0,0,1382349896,12,12,,
